best_dataset_idx,worst_dataset_idx
32771,0
32781,1
17,3
32815,32772
32833,32773
32835,32774
32859,32775
32863,6
101,9
32874,32778
109,32780
116,32781
32887,32782
32891,12
32895,32784
32897,17
32909,32785
32917,32787
32922,18
32925,32789
160,21
32934,16
171,22
32940,25
174,32793
180,32795
32949,28
186,32794
32955,30
32960,31
210,27
211,32801
226,32803
233,37
238,32806
33018,32807
251,32808
257,42
33029,32810
33032,44
33034,45
270,46
272,47
277,32816
33047,32819
284,32820
285,32822
288,56
33062,32825
33065,58
33069,32827
304,32828
33079,32829
33082,32830
319,32831
325,64
331,62
337,13
338,32835
342,32836
33117,69
349,32838
33120,70
360,32839
33159,32841
401,32842
405,74
33180,32843
33190,32845
33192,73
428,32848
435,80
440,32849
445,32851
451,32852
33220,41684
453,86
455,32855
456,32857
461,90
463,32858
464,89
465,32859
468,94
476,32863
481,32864
33251,97
33254,32866
489,99
491,32868
494,101
495,32870
33264,103
496,32867
33265,35172
33275,106
517,32874
33291,32876
33292,32877
33297,32878
33298,111
33299,32880
33300,32881
533,114
33303,32883
33316,116
33320,117
33323,32884
33344,32887
33346,32888
33357,120
33362,32886
33368,32891
606,32892
607,125
619,32894
620,32895
629,32896
33401,32897
33402,130
33409,32899
33417,32893
649,134
653,135
654,136
660,32904
33429,138
33430,139
33431,140
33433,32902
668,32910
33438,32911
671,137
672,145
673,32909
677,147
33446,148
33447,32917
33448,150
33445,151
33454,152
688,153
692,32922
33464,155
706,32918
33476,32925
33490,158
33494,32919
33498,32928
33500,32929
33506,32930
33507,163
33514,162
33524,32933
33530,166
764,32934
33533,167
33550,32937
33551,169
788,168
790,32935
33565,32941
33568,174
33569,170
803,176
807,32945
808,180
809,32948
33578,181
33581,32951
33583,183
816,185
33584,32954
33586,187
33589,186
832,32957
33601,190
833,32959
835,1310
837,32952
33608,189
842,32963
33612,196
33614,197
33615,32966
33616,32967
33618,200
851,32969
852,202
33620,32970
33622,198
861,32973
33630,205
862,207
33633,32976
33637,209
870,32978
876,210
33646,212
881,32980
885,213
889,32983
890,216
896,217
901,211
902,32985
904,32988
907,32981
910,222
912,223
914,32992
915,225
917,226
920,32994
921,32996
922,227
927,231
928,33002
929,33003
931,236
934,33005
939,238
33712,240
947,33009
950,33010
33721,243
957,33012
959,245
961,33014
963,244
33731,33016
33732,249
969,248
972,33018
33741,33015
975,251
979,254
991,257
995,33027
996,33028
998,260
1007,33032
1012,265
1013,33033
1016,33034
1018,268
1019,33037
1020,33038
1021,270
1024,33041
33794,274
1032,33042
1035,275
1037,277
1041,33043
33810,279
1042,280
1044,276
33813,283
1043,33053
1048,33054
1051,287
33820,33056
1053,286
33826,291
33827,292
1063,33060
1081,33065
33857,298
33858,297
33859,299
1112,33071
1116,33073
33891,305
33892,33075
1132,308
33900,310
1136,311
1146,312
1153,33081
1155,33080
33927,314
1159,33086
1163,319
1171,33088
33942,33092
33943,325
1176,326
1178,33094
1179,33097
33950,330
1185,331
33954,33100
33955,332
1188,334
33957,335
1190,33104
1192,337
33961,338
1197,33105
33968,340
33969,341
33970,33110
1203,342
33976,33112
33979,345
1211,33115
1215,348
1216,33118
33985,350
1218,33119
1219,352
1220,354
1221,33124
1222,357
33991,33125
33988,356
1225,360
33986,362
1227,363
1228,364
33998,33131
1231,33134
1233,33135
1236,368
1237,369
1240,33137
1242,371
1244,365
1245,373
1246,33141
1256,375
1263,33144
34054,33140
1300,378
34080,33147
34101,380
34105,33148
34107,382
34115,384
34119,385
34128,386
34129,33153
34130,388
34137,389
34139,33158
34144,33159
34146,33160
34156,33161
34158,394
34161,33154
34167,387
34168,397
34169,398
34171,399
34177,33168
34179,401
1415,33166
34186,403
1419,33172
1421,33176
34191,409
1426,33178
34195,33177
34196,410
1427,411
34198,33182
34199,414
1432,33190
1434,33191
34209,33192
34211,423
34217,33194
34218,427
34219,33196
1450,431
1454,33201
34232,435
34234,33204
34235,436
1468,439
1472,440
1477,33209
1482,33210
1484,443
34255,444
34256,33213
34257,446
1488,447
34260,33215
34262,442
34266,33218
1501,445
34270,33220
34269,452
1504,33222
34273,448
34275,33225
1508,33228
1509,461
34281,33229
1518,463
34287,92
34288,33233
1522,33235
1524,33236
34294,33237
1527,33238
1526,470
34296,33239
1530,473
34299,471
34301,33243
1538,33244
34311,475
1553,478
34329,95
34333,480
34352,33246
34354,33250
34355,481
34370,96
34372,485
34376,33254
34378,487
1611,33256
34380,33255
34385,490
1618,491
34387,33260
34389,488
34398,98
1632,495
34411,33264
34412,498
34415,33267
34416,33269
34417,33271
34418,33273
34421,506
34424,33275
34428,33276
34429,510
34430,511
34433,33278
1666,33279
34435,33282
34434,514
34445,33284
1680,517
34449,518
1684,33286
34460,33288
34464,33289
1711,33290
1719,33291
34504,523
34512,520
34513,526
34516,33295
34518,33296
34522,528
1764,33298
34532,531
1774,33300
34543,33297
34545,532
34549,33304
1792,536
34560,538
34562,33306
1798,33308
34571,33307
1803,33310
1806,542
1809,537
1816,33312
1822,108
34592,33316
1825,33317
1830,550
1831,548
1833,33320
1834,109
1839,33323
1840,555
1843,33326
1845,558
1846,33330
34633,565
34644,33334
34651,567
34654,33336
34660,33337
34662,570
34668,33333
1904,572
34677,569
1913,566
34682,575
34690,576
34703,33345
34704,578
34705,33347
34707,580
1948,33349
1952,582
1953,33350
1954,33352
34723,585
34724,33353
1961,584
1964,588
34733,589
34734,587
1967,591
1971,592
34742,33361
1975,593
34745,595
34749,33364
34751,597
34752,33362
34753,599
1986,33368
1991,33369
34759,33370
1993,598
1995,604
34764,33373
1998,607
34774,33376
34775,609
34781,33378
34783,608
34788,33380
34796,33381
34812,615
2051,616
2052,33385
34823,33387
2059,33388
2060,619
34828,33390
2064,623
2065,624
34832,33393
2070,627
34839,33396
2076,33395
2081,33399
2086,33403
2090,637
2091,639
2092,33408
2093,643
34862,644
2094,33413
2096,646
2095,647
34866,649
2098,650
34861,33417
2099,651
2127,654
34898,33423
2139,33426
34909,667
34912,668
34913,669
34915,671
34924,674
2157,676
34926,677
34927,33445
34930,679
34935,33448
34941,681
2177,33450
34955,683
34959,33451
2193,33454
2197,33455
34968,688
34970,33457
2203,33458
34972,691
2205,692
34975,690
2208,33461
34977,695
2210,33464
2216,696
34984,33465
2220,699
2223,700
2239,33463
2240,702
35013,33468
2246,704
2261,33473
2269,705
2270,707
35046,708
35047,33470
2279,710
2291,33471
35067,33480
35074,712
35078,33482
35084,713
35094,33484
35102,715
35109,719
35114,143
35120,721
35122,33489
35138,723
35139,39221
2371,725
35142,33493
35144,727
35149,728
2386,33497
2387,33498
2388,33495
35155,726
2390,733
35161,33494
35171,737
2406,738
2411,739
35183,33507
35185,33506
35189,740
35192,741
35196,33513
2436,746
2439,747
35211,748
35212,33517
35213,33518
2446,751
2447,33521
2448,754
2445,755
2450,33524
35222,758
2454,33529
35224,761
35228,762
35230,33532
35235,764
35236,765
2467,767
2473,768
35241,33535
2475,33537
2478,33539
2482,771
35252,772
2485,774
2487,33542
2488,776
2491,33545
35259,777
2499,33547
2507,33548
35279,781
2513,33550
35282,33551
35284,784
35296,33552
35303,779
35305,788
2538,789
2546,790
35316,33559
2549,33560
2550,157
35323,795
35329,797
2562,33566
35330,33567
2564,33568
2569,801
2570,33570
2578,803
2581,804
2583,39237
35353,33574
35356,807
2593,808
35362,33577
35365,33578
2597,33579
2599,811
35382,33580
35386,33581
35388,814
35390,816
35398,812
35412,33584
2647,33587
2654,819
35440,33583
2675,33585
2686,33586
2710,824
2729,33593
35501,818
2734,33595
2738,827
2747,829
35547,830
35564,831
2806,165
35576,33596
35582,33602
2816,33603
2819,33604
2827,836
35596,837
2830,33607
35599,33608
2834,841
2836,842
2837,843
2841,844
2846,33613
2849,839
35619,33614
2861,33617
2869,850
2870,33619
2873,852
35642,33621
35649,33622
2882,851
35653,33624
35654,855
35657,858
2889,859
35658,33628
35660,39248
2899,33634
35667,33636
35674,872
35675,873
2912,33644
35688,33645
35692,33646
35693,33647
35697,33648
35698,876
2935,33650
35704,33651
35708,885
35709,33654
2945,887
35715,886
35718,889
35727,33658
2959,890
2960,33660
35730,893
2964,33661
35732,895
35745,33664
35748,33663
35759,892
35760,33668
35766,33669
35772,33670
35776,33672
35785,33674
35786,907
35790,33676
35804,909
35808,33678
35810,33679
35811,33677
35814,33682
3049,33683
35818,916
35820,914
35829,919
35831,33688
35832,33689
35833,33690
35837,33691
35838,921
35843,925
35846,33693
35848,33694
35849,33696
3082,929
3084,928
3086,33699
35856,932
3089,33700
3100,33702
35869,33695
3104,935
3107,33705
3111,33706
3113,33707
3121,938
3124,940
3143,33710
35915,33711
3162,944
35931,33713
35934,947
3167,33718
3169,33719
35939,33720
3172,33721
3171,952
3177,33725
35950,33728
35954,960
3187,33732
3190,33733
35959,966
35961,33735
35966,39269
35972,969
35983,970
35984,972
35987,33740
3251,33741
36019,33743
3253,974
3264,33744
36034,981
36035,33751
36041,33755
3275,33757
3278,39274
3281,991
3290,33762
36058,995
3293,33764
3296,996
36067,998
3301,33765
36085,33768
36086,1000
3321,997
3326,33772
36095,33774
3341,33775
3347,1008
3350,1009
36120,1010
3353,33778
3359,33781
3361,1016
36131,1017
3365,1022
3366,1023
3375,33792
3378,33793
3379,33794
3380,33795
36148,1029
3384,33797
3386,33798
3388,1032
3395,33801
3397,33802
36174,33803
3413,1033
36183,1037
3418,1038
3420,1035
36188,33808
3425,33809
3427,33810
3428,1043
3430,33813
36202,1046
36207,208
36210,1048
36212,1049
36214,1050
3446,1051
3448,33819
36215,33821
3452,1053
3454,33817
36223,33824
3456,1057
3460,33826
3463,1059
3464,33829
3465,33831
3466,1064
3467,33836
3469,1068
3470,1070
36238,33838
3471,33841
3474,33842
3476,33844
3477,1076
3478,1078
3481,33846
3485,1080
3486,1081
3487,1079
3488,33851
3489,1084
3493,33853
3494,1086
3498,1085
3500,1089
3502,33858
3503,33857
36278,1090
3523,33860
3525,33862
3528,33864
3530,1097
3531,33865
3540,1099
36310,1098
36316,1100
3558,33867
3563,33871
3572,33872
3574,33873
36345,33876
3578,1109
3577,1110
3580,33879
36350,1111
3583,33881
36351,33882
36356,1115
36358,1116
3591,1117
3594,33885
36363,1119
3596,33887
36366,33889
3602,33890
3604,33891
36376,33888
3609,33894
3608,33895
3610,33897
3612,1130
36389,33898
3622,1132
36392,33900
36396,1135
3630,33904
36399,33905
36401,1137
3634,1139
3633,33908
3636,1136
3639,33909
3642,1143
36425,33911
3658,1145
36432,33914
3672,33915
36440,1146
3679,1141
3681,33918
3684,32792
3689,33919
36466,1153
36481,33921
36482,33923
36485,1156
36488,33925
36499,33924
36501,33927
3751,1160
3752,33929
36521,33928
36524,1163
3758,33932
36528,33933
3761,1165
36529,33935
3767,1167
36541,33934
36543,33938
3778,1172
3780,33941
3792,1174
3793,33943
3798,33942
36568,1178
36569,1179
36576,1182
3813,33951
3816,1184
3818,33953
3819,33954
3821,1187
3823,33955
3824,33957
3831,1190
3832,1193
36602,33962
36605,1194
36606,33963
3838,33967
36608,33968
3841,33969
3843,1205
3850,33974
3851,33975
36618,1207
3853,33976
36627,33978
3860,1212
3865,33980
3869,33983
36641,1219
3876,1220
3879,33990
3880,1223
3894,33993
3901,33994
36679,33995
3913,40909
3927,1229
36708,1230
3944,34000
36713,34002
36720,34003
3952,1235
3954,34005
36721,34006
3959,1239
36728,39125
36731,1242
3972,34011
36742,1244
3976,34014
3977,34015
3978,34016
36751,1246
36760,34017
36761,1251
3994,34022
36765,34023
36773,34024
4006,1256
4007,34025
4008,1257
4009,1258
4016,34027
36785,34030
4025,1263
36794,1264
36793,34033
4031,34035
4034,1269
4036,34038
4043,1273
4044,1275
4046,1276
4048,34045
4055,34044
4066,34047
4067,34048
4068,1279
4076,1283
4078,1285
4080,1286
36849,34060
4082,34061
36853,1294
4086,34063
36858,1296
36860,1297
4095,34065
4097,34066
4099,34068
4100,34064
36868,1302
4108,1303
4109,34072
36877,1305
4111,34074
4114,34075
36883,1307
4116,1306
36888,1309
4124,34079
36893,34080
4125,1313
4127,1314
36894,34083
36897,1315
4126,34085
4131,34084
4134,1317
4140,1319
4144,1321
4145,34082
4146,34091
4151,1323
4155,34090
4159,34094
36927,1326
36929,1328
4168,1329
4169,1330
4172,34096
36940,34097
4176,1333
4177,34102
36946,1335
4178,13291
36950,1337
36951,1338
36955,34106
4193,1336
36962,34109
36963,1341
36964,34111
4195,1344
4200,34115
36969,1348
4202,1347
36973,1350
4214,34119
36985,1352
36988,34120
4220,13294
36990,1349
36992,34124
36997,1357
4230,1358
4232,1359
4236,1360
4241,34131
4242,1363
4246,1365
4250,1364
4255,1366
4259,1370
4262,1372
4263,1373
4265,34141
4269,1375
4270,1376
4272,34145
4273,1379
4274,34147
4275,1380
4280,1381
37050,34151
4282,34152
37052,34155
4284,34156
4286,1390
4290,34158
37059,1391
4291,1393
4292,34161
4295,1395
4296,34164
4297,34165
4298,34166
4299,34167
4300,34168
37069,1399
37074,1401
37081,1396
37083,1404
4318,34173
4319,1405
37091,1407
37092,34176
4325,1411
4339,34180
4341,1412
4342,34185
4350,1418
4354,34186
4355,34189
4357,34191
4359,1424
4364,34194
4365,34195
4366,1428
4371,34197
4372,1429
4374,1431
4378,1432
37153,34198
4386,34200
37155,1430
4387,34204
4385,1438
4391,34208
37160,34209
4395,1444
4396,1445
37164,1446
37166,1449
4397,34219
37171,34220
37172,1455
37174,1457
37178,34225
4417,1460
37188,34228
37191,1462
37192,34231
4426,1464
4431,1465
37199,34235
37204,1468
37212,34236
4454,34238
4459,34239
4460,1471
4461,34241
4464,1474
37246,34243
4483,34244
4487,1475
4490,1478
4491,1476
37267,34248
37269,1480
37270,34251
37293,1486
37300,34256
37304,34257
37305,1488
37306,1491
37307,1493
37308,1494
37317,1498
37318,45888
37319,1500
37322,1506
37325,1507
37329,1508
37332,1509
37333,1510
4576,1512
4580,1516
37359,1519
37369,34290
37375,1522
4608,34291
4609,1524
4619,1527
37390,1528
37400,1529
4636,1530
37404,1531
37406,1532
37410,34301
4645,34302
4653,34305
4660,34306
4661,34307
4664,1540
4668,1541
4677,1538
4681,34311
4683,1544
37452,34313
37455,34314
37456,1547
37463,34315
4697,34319
4699,34320
4700,1552
4701,1556
37469,1558
4704,1559
37479,34327
4711,34329
4715,1561
4717,34331
37485,34332
4719,1563
4720,34333
4721,1568
4722,1569
37491,34336
37493,1571
37494,34337
4735,1570
4736,1574
4737,1575
4746,1576
4747,34344
37515,1577
37520,34347
4757,1580
37528,1581
37530,1578
4767,34343
4776,1584
37554,1585
37560,1586
4799,1579
37571,34357
37573,34358
4812,34359
37581,1590
37583,1593
37586,34362
4838,1595
4844,34364
37628,1597
4867,1594
37645,34367
37650,1599
37653,1600
4887,1602
4888,34371
37657,1604
37655,1605
4889,1606
37667,1608
37668,34377
37669,1611
4903,34379
37672,1613
37676,1615
37679,1616
4912,1617
4913,34386
37684,1620
4917,34389
4916,1621
37687,34393
4919,1625
37685,1626
4925,1627
4930,34397
37699,1630
4931,1632
4938,1635
4939,32890
4944,1639
4948,1640
4950,34409
4952,34411
4957,1644
4959,1645
37729,34414
4965,1646
4966,1648
4974,1649
4981,1647
37751,1651
37752,1643
37753,1653
4986,34419
4987,34423
37756,1656
4990,34425
37759,34426
37758,1660
37762,34432
4995,34433
37765,1666
37767,1667
4999,1668
5001,34437
37770,1669
5005,34439
37773,1673
37776,1674
37777,1675
37779,1676
37780,1677
37781,1678
5011,1679
37785,1680
37786,34449
5019,34450
5018,34451
37792,1684
37795,34453
5029,34447
37798,34455
5031,1682
5039,1686
5044,34458
37813,1690
5048,1692
5054,34459
37833,34462
5066,34463
37837,34464
37840,34465
37841,1698
5072,34466
5076,1700
37855,34470
37856,1703
37858,34471
37859,1705
37862,32903
37865,34475
37866,34477
37867,34478
5100,1711
37869,34479
5102,34480
5103,34481
37872,34483
5104,1717
5109,1719
37878,34487
5110,1721
37879,1722
37880,1723
37885,1724
5118,34493
5121,34489
37890,34495
37893,34496
5125,1728
37894,1729
5127,34499
5131,34492
5138,1736
37906,1738
5140,34507
5143,1744
5146,34513
5147,34512
5148,1748
5150,34517
37948,1750
37953,1751
5191,34520
37967,34518
5207,1754
5208,34522
5210,1756
37997,34524
5239,1759
38015,34528
5255,1761
5262,1764
5276,34534
5284,1768
38052,34540
5285,1774
5287,34543
38057,34544
5289,1775
5293,1778
38062,34547
38061,1779
38064,34549
38070,34550
38073,34551
38075,34552
5319,34553
38091,1786
38094,1787
5349,1788
38131,34555
38133,1790
38134,1791
38152,34560
38157,1785
5394,34562
38165,34563
38167,34564
5402,34565
38172,1798
38175,34568
38176,1800
38180,1803
38183,1804
38186,34574
5421,1807
38189,34576
5423,1809
38193,1806
5426,1811
38195,34580
5440,34581
5443,1814
5450,34583
5453,34584
5454,1817
5457,34586
5461,1816
5462,1819
5463,34589
5467,1822
5470,1823
5471,1824
38239,34593
5474,1825
5475,34591
5478,1828
5482,1829
38252,34598
5486,34595
5487,1832
5489,34600
5490,34602
38264,34603
38267,1834
38268,34605
38274,34601
38282,1839
5517,1840
5518,1835
38289,1842
38290,1843
38293,34613
5532,34614
5537,34615
5538,32931
38307,1848
38310,34618
5542,34617
5545,1852
5547,34621
38336,34622
5571,34623
5589,1853
5608,34625
5618,34626
5635,1859
5650,34629
38422,34630
5658,1863
5664,1864
5667,1865
5668,34633
5669,1867
38438,1868
5671,34632
38440,1870
38463,1873
38465,1874
38469,34646
38471,1878
38472,1880
38473,1881
38474,34647
5707,1883
38479,1882
38484,34650
38485,34654
38486,1887
5727,1888
38504,34651
38506,1892
5740,34660
38511,1893
38527,34663
38528,34662
38532,1897
38535,34666
38536,1899
38541,34668
38548,1901
38549,1902
5800,34671
38570,1904
5802,1903
5804,34674
38571,34675
38577,34677
5809,34679
5814,1912
38586,34680
5819,34682
5821,1914
5830,1916
38601,34685
38603,1918
38604,34688
5836,1921
5841,34690
38614,1923
5847,34691
38618,34693
5851,34694
5854,1924
38631,1925
5865,34697
5869,34696
38637,34698
5872,1932
5874,1933
38644,34701
5877,34699
38649,34706
38656,1940
38660,1941
38664,1942
5903,34710
38675,34712
38677,1945
38682,1944
38689,1948
5933,34720
38721,1953
5954,34722
38723,34723
38730,34724
5965,34725
5970,34726
5971,34729
38742,1963
5987,34731
5988,1965
6008,34733
6010,1967
6012,1968
6014,1969
6015,34734
6030,1971
6032,392
6035,1974
6036,34743
6040,34744
6045,34745
6047,1980
38816,34749
38820,34750
6057,34751
38831,34752
38843,1986
38848,34755
38869,34757
38872,1990
38894,34759
38898,34760
6153,1992
6154,34762
38929,1995
6171,34764
38939,1991
6176,34766
6182,1998
6186,2002
6199,34773
6223,2005
6227,34775
39006,34774
39010,2009
6257,34777
39042,2011
39045,34780
39046,2007
39048,34783
39051,34784
39054,2017
39061,2018
39062,2016
39063,34788
6298,34789
39073,2022
39074,34792
6306,2024
39075,34793
6305,34796
6313,34797
39082,34798
39083,2031
39081,34800
39085,34801
39087,34802
39089,2032
39092,34803
6330,2029
6337,2038
6341,2030
6347,2040
6350,34804
6357,34810
6360,2043
6362,2044
6364,2045
6365,34813
6369,2047
6370,2048
6371,2049
39141,34815
6377,34817
6385,2052
39154,32972
39156,34822
6388,34819
6390,34824
39159,34826
39160,34827
6393,34828
6392,34832
6394,34833
39164,2067
6399,34836
39167,34837
6400,34835
6402,2071
39172,2068
39173,34839
6406,2074
39175,34845
6407,2078
6410,34847
6420,34848
6421,2081
6422,34850
39193,2080
39195,2084
39196,34853
39197,2085
6430,2082
6432,34856
6441,2089
6443,34859
6445,34860
6453,34861
6456,34862
6461,34863
6466,34864
6467,34867
6471,2099
6474,2101
6483,34870
6491,34871
6492,2104
6498,34868
6499,2106
6506,34875
6524,34878
39303,2111
39315,2112
39325,34880
39327,2110
39334,34883
6568,2116
6569,34885
39339,34886
39341,2119
39353,2117
6586,2122
6589,34893
6590,2128
6595,2130
39365,2131
6600,34898
39373,2133
6607,2132
6611,2138
6612,2139
6615,2140
6617,2141
39387,34910
39389,34907
6622,2144
6623,2142
39395,2147
6633,34916
6634,2149
39404,34919
39405,2151
39407,2156
39409,2157
39413,2158
6650,34926
6652,2160
39423,34929
6655,2161
39424,2163
6657,2164
39426,34931
6658,2166
39428,34934
39430,2168
6660,34939
39425,2171
39434,34942
39435,34944
6673,2176
39441,2181
39444,2183
6677,2184
6678,2185
6679,2186
39445,2187
6685,2188
6699,2189
6703,34958
6711,34959
6716,34951
39487,2193
6719,34961
6722,34963
6726,2196
6733,34965
6742,34964
6746,34960
6749,34968
6751,34969
39521,34970
39522,2202
6754,34972
6753,34973
39526,2206
6760,2207
39529,34976
6763,2209
6764,34978
6765,2211
6766,34977
6768,34981
39538,2214
6770,34983
6772,2213
6773,34985
39544,2218
6782,34987
6783,2215
6787,2216
39555,34988
39557,2222
6791,2224
6792,34984
6795,34994
6796,34990
39565,34996
6798,2229
39566,34997
6799,2231
39571,35000
39573,2233
39576,35002
39581,35003
39585,2232
39586,35005
39596,35006
39604,35007
6855,2239
6857,35009
6859,35010
6861,2235
6866,35012
6867,2245
39637,35013
6872,35015
6875,2248
39656,35016
39661,2241
6903,35019
6905,2252
6907,35021
6909,2254
6910,35023
6912,35022
6914,2257
6915,2253
6916,35027
6920,2260
39693,35029
6928,35030
6930,35031
6931,35032
39700,2265
6932,35034
6934,2267
6935,35033
6936,2272
6937,35042
39707,35043
6940,2276
6942,35045
39710,2278
39712,35047
39713,2279
6946,35049
6950,2282
6953,2281
6955,2284
6956,2285
39725,35054
39726,35050
6959,35057
6961,2290
6963,2291
6964,35060
6965,2292
39731,2293
39735,2296
6970,35064
6971,35066
6972,2297
6974,2301
6978,2302
6982,35071
6984,2303
39752,2304
6986,35075
6987,2308
6988,2310
6990,2311
6992,2312
6996,2313
7005,2315
39775,35086
7019,35087
7025,2318
39797,2321
7030,2322
39799,2323
39800,35091
7038,2325
7043,2324
39823,2327
39828,2326
39831,35092
39834,35098
39839,35099
39842,35100
39845,35102
39852,2335
7088,35104
39859,2338
7092,35107
39862,2339
7109,35109
7112,35110
7117,2343
7118,2344
7120,35115
7121,2347
7124,35117
39902,2349
7134,2351
39904,35120
7140,2353
7143,35122
7144,2355
7146,35121
7152,35125
39921,35126
7159,2359
39928,35128
39930,2361
7165,35130
39935,35123
7169,35124
39938,35133
7170,2366
39941,35135
7173,2368
39948,2369
7182,35136
7188,2371
7191,35138
7198,35141
7201,35142
7207,2375
7210,35144
7211,2377
7217,9212
7222,35147
7225,2374
7226,2381
7227,35149
7228,2383
7233,35153
7236,2386
7240,2387
7247,2388
40018,35155
7255,2390
7257,35159
7258,35160
7259,35162
40028,2395
7262,35164
7264,35165
7274,35166
7275,2397
40044,35168
40043,2396
7278,2402
7281,2403
7285,35171
7290,2405
40059,2404
7292,2406
7293,35173
7294,35170
7298,35178
7300,2411
7303,2412
7304,35181
40074,35176
40076,2416
7308,35185
7311,2418
7315,2421
7318,2422
7320,2423
40091,35191
7324,2428
40093,35196
40094,2431
7329,2436
40102,35206
40104,2438
40107,35209
40109,35211
7343,2444
40111,35212
7344,35214
7347,2448
40116,2452
7355,35220
7357,35222
40125,35223
40127,35224
7366,35225
40142,2457
40145,35226
7389,35229
7390,2466
40157,2467
7392,2469
7393,2471
7400,35240
7401,2473
7412,35245
40187,2479
7420,2482
7424,35252
40193,2484
7426,35254
40195,2487
40203,2488
7436,35256
40207,2491
7440,2492
40213,35261
7446,35260
7447,35263
7449,2496
7450,2497
40217,35266
40223,35267
7456,35268
40230,2501
40233,35270
7466,35271
7469,2504
7470,2502
7480,2505
40251,2507
40252,35275
40253,35277
40255,35278
40259,35279
7498,2511
7501,2513
7502,2506
40271,35281
40270,35285
7507,35287
40276,2520
40277,2523
7513,35292
40282,2525
40281,35294
7516,2527
7518,35295
40287,35296
7521,35298
40291,2531
7523,2532
40292,2526
40295,35303
7542,15731
40339,35305
40344,35306
7583,2539
40365,2538
7604,35308
40372,2537
40379,2543
7614,35311
7615,35313
7631,2546
7633,35315
7649,35316
7651,2550
40424,35320
7671,35321
40441,35323
40444,35325
40452,35326
7694,35328
40466,35329
7701,35330
7702,2563
40470,2565
7715,35334
40504,35335
40508,2568
40510,35337
7743,2570
40521,35339
7758,2572
7762,2569
7767,2574
7768,35343
40542,35344
7775,2577
7784,2578
7792,35349
7796,2584
7799,35352
7800,2589
7810,2590
40600,35359
40601,35360
40615,2592
40617,35362
40618,2594
7852,35361
40621,35365
7855,2598
40623,2597
7856,35368
7857,2603
7860,35373
40630,35375
40633,2609
7866,35379
7872,35381
7878,35383
40646,2616
7887,2619
7888,35387
7890,35390
7893,2623
7898,2624
7908,35395
40679,2629
40686,35398
7919,2630
7932,35400
40702,2633
40704,2631
7937,2632
7938,2636
40707,35405
40710,35406
7947,2639
40716,35404
40717,35403
40718,35410
40715,2643
7948,35411
40723,2642
40726,2646
40730,2647
40739,2649
40744,35417
40749,35420
40750,35421
40765,35422
40767,2654
8001,2655
8002,35423
40771,35424
8003,2659
40773,2660
40775,2661
8009,2662
40778,2663
40779,35427
40783,2666
40786,35434
8021,35436
8022,35437
8023,2670
40792,2668
40797,35440
8030,35441
8031,2669
40802,2675
8036,2673
40811,2677
8044,35446
40813,35447
8047,2680
8053,2681
40821,2682
40841,35450
8077,35451
8082,35453
8086,35454
8090,2687
40870,2686
40899,35449
40916,2690
40917,35459
8150,35458
8158,35461
40935,35456
40942,35463
8205,35464
8209,2695
8215,2698
8223,2691
40994,35468
40996,2700
41003,35470
41005,2703
8239,35471
41008,2705
41010,35474
41012,35475
41015,2704
41017,35477
41028,2710
41031,35478
41032,35479
41033,2707
41034,2714
41037,35483
41038,2709
41039,2717
41041,35486
41050,2718
41051,2712
41055,2716
41061,35490
41063,2722
41064,13566
8302,2725
41077,35494
41078,2727
41079,2726
41084,35497
41093,2729
41096,35496
41097,35499
41101,2733
41102,2730
8337,35503
41110,35504
41112,2737
8352,35506
41121,35505
41125,35508
41127,2741
41132,2736
41133,2743
41135,2738
41136,2745
41137,35513
41139,35515
41143,35516
41144,2749
41146,35518
41148,2751
41155,2747
41157,2753
41162,35520
41165,35523
41176,2750
41196,2757
41211,2758
8452,35527
41225,35528
41227,35526
8471,35530
8474,35529
8475,2764
8476,2762
8478,35534
8479,2767
41250,2768
8483,2769
41253,35538
8487,2771
8494,35539
41263,2776
8496,2777
41265,35546
8499,2779
41268,35547
41267,2781
41270,2782
41272,35550
41276,2784
41281,2785
41284,35554
41288,2780
41290,35548
8523,2789
41297,2790
41304,2791
41306,2792
41314,35561
8547,2794
41322,35563
41327,2796
41339,2795
41343,2793
8584,2799
8588,35568
8591,13582
8597,35570
8603,2803
8604,2805
8605,35574
8608,2806
41377,2809
8611,35579
41381,35580
41382,2813
8615,35582
8616,2811
8621,2816
41389,2817
8623,2818
8626,35586
8630,35581
8631,35589
8634,35590
8635,35591
41402,2823
8636,35594
8639,2827
8645,35598
41448,35599
41452,2832
41461,2833
8700,35603
41470,2837
41475,35606
8707,2840
8708,35609
8710,35610
8711,2841
8714,35613
41484,35615
8719,35616
41488,2849
8722,35621
41491,2854
8724,35622
8723,2856
8731,35624
8735,7080
41508,35627
8740,2859
8743,2863
8745,35632
41516,2866
8749,35635
41521,35636
41523,35634
41526,35638
41533,2873
41536,35642
41539,35643
41552,2874
41565,35645
8808,35646
41577,2879
41579,2880
41589,2881
8822,35650
8826,2878
8833,2882
8834,35654
41601,2887
41605,35656
8837,7087
8839,35658
41613,15745
41615,2892
41619,35661
41623,2894
41624,2895
41628,2896
8862,35664
8863,7088
41632,2900
41635,35669
41636,2902
41641,35672
41643,2905
8876,2904
41644,2906
41646,2907
41647,35676
41649,2912
41650,2915
8887,2918
41655,35686
8889,2922
41658,2923
8893,2924
8896,2925
8900,581
8901,35691
8903,2927
8906,2929
41677,35692
8911,2931
8918,2933
8919,583
8923,2935
8924,2934
41693,2937
8926,2938
41695,2939
8928,35708
8929,2940
8934,35710
8935,35711
8936,2943
8942,35713
8945,2946
8946,35706
8947,2950
8948,35718
8971,2952
41746,35720
41751,2955
41755,2957
41759,35725
41764,35727
8998,2960
41766,35732
9004,35736
41786,590
41790,35738
41795,2971
41797,2968
9041,2973
9044,35742
41814,118
9050,2976
9058,2977
9065,35745
41838,35747
9072,2978
9073,35746
9083,35750
9085,2983
9087,2981
9088,2985
9089,35749
9091,2988
9094,35758
9102,2991
9110,35759
41921,35761
9157,2994
9161,35762
9167,2995
9172,2997
9174,2998
9175,35767
9178,3000
9189,35769
9190,3001
9192,35771
41962,3002
9195,2999
9196,35772
41963,35770
9198,35776
41968,35778
41970,35779
41977,35781
41981,35782
41986,3013
41990,3014
41992,3017
42005,35785
42011,3019
42019,35788
42034,35786
42062,35790
42096,3023
9343,3027
42117,35796
42118,3029
42138,3030
42139,35797
42154,3031
42162,35799
42172,3035
9408,3036
9410,35805
42179,35806
9414,3039
42186,35810
42192,3043
42193,3044
42195,3045
9427,3046
42198,3047
9435,3048
42204,3049
42205,3042
9442,3051
42215,35822
9449,3055
42222,3056
9455,3057
9457,3054
42225,35829
42230,35830
9496,35832
42268,35837
9502,35838
42270,35839
9509,3072
9513,3078
42281,3079
9514,3082
9517,35851
9523,3084
42292,35853
9525,3085
9531,3087
9533,3088
42301,35857
9536,35858
9542,3086
9545,35860
9547,35862
42326,3096
42352,35865
42353,35866
42359,35867
42361,3099
42362,35869
9603,3102
42372,35870
9607,3106
42376,35875
42377,3107
9614,35877
9615,3111
9616,3112
42383,3113
42386,35882
9618,35880
42390,3116
42395,35881
42397,35885
9629,35887
42399,35889
9632,3121
42406,35890
42430,3124
42444,35893
42460,3122
42461,35892
9704,3128
42476,35896
9708,3130
42482,35901
9720,3134
42490,3136
42494,3137
9727,35905
42495,3139
42498,35907
42500,3138
9732,3142
42504,35911
42510,3143
42511,3145
9744,3146
9750,35915
42518,3148
9762,35917
42530,35918
42534,3147
9767,3152
42535,35921
42538,35914
42541,3153
42542,35920
9775,3157
9778,35927
42549,3162
9791,35933
42559,35935
9798,3168
42576,35938
42582,35939
42585,3172
9817,35941
9820,2731
9831,35944
9832,35945
9837,35946
9838,3179
42613,35949
42618,3181
9854,3183
9855,3184
9861,3187
9863,35956
42643,35959
42648,3193
42650,35964
42653,35966
42654,35968
42655,3202
9892,35970
42661,35973
42667,35974
9903,35975
9904,3207
42674,35976
9907,3210
42676,3211
42679,3212
42680,35977
42682,3214
42684,35980
9918,3216
42688,35979
42692,35981
9928,3219
42698,35988
9934,35986
9944,35990
9951,3222
42721,35992
42723,3218
9955,35985
9961,35995
9962,3228
42735,3229
9968,35997
42737,35999
42738,3232
9983,3230
9988,3234
9997,36000
9999,36004
10000,36006
42771,36007
42774,36008
42779,36010
42780,36011
10011,3244
42784,36013
42785,3246
42790,36015
42795,3248
42797,3249
10030,3250
10031,3251
42799,36012
10034,36021
10038,36022
10041,36023
10044,36024
10057,36025
42830,36026
42839,3253
42866,3260
42873,36028
42878,3261
42880,36031
42897,3257
42901,3265
42904,3267
42916,36044
10150,3277
42918,36046
10158,3282
42927,36051
10166,36053
10168,36054
42936,36055
10172,36056
10173,3287
42942,3290
10175,3286
42944,3292
42945,36058
10181,36059
42949,3288
10183,36060
10185,36065
10186,3298
10187,3299
10188,36067
42958,36069
10193,3302
10195,3303
42964,3301
10196,3307
42967,3312
42968,36083
42985,3316
42988,3317
10226,36086
42996,36087
42998,36084
10232,36085
10243,3322
43030,3323
10264,36090
10267,36092
43036,3326
43043,36095
10279,3327
43047,3329
43049,36097
43066,36099
43070,3332
10307,3333
10311,3334
10316,36103
10318,3330
43092,3337
10335,36098
10339,36107
10340,36108
10346,36109
10347,3339
43116,36114
10349,3346
43150,36116
43151,3349
43154,3350
43156,36122
43159,3355
43160,3356
43163,3357
43164,36124
43169,3359
43170,36123
43171,36129
43172,3361
43177,36131
43180,36132
43181,3363
43183,3366
43184,36135
43194,3368
10433,36137
43205,3370
43206,3369
43214,3367
43225,36141
10460,3371
43234,3375
10470,36144
43241,36145
43242,36146
43258,36147
10510,36148
10514,36149
43293,36150
10542,36151
43312,3384
43344,36152
43351,3386
43356,3380
43376,3389
43386,36158
43391,36159
43392,36157
10623,3391
10628,3395
43408,36163
43415,3397
10648,36165
43424,36167
43425,36168
43428,3405
43431,36174
43445,36175
43454,36177
43462,3411
43463,3415
43464,3416
43466,36186
43473,3419
43478,3423
43491,3424
43503,36191
43506,3426
43511,3427
43525,3428
43535,3429
43545,36195
43550,3431
43553,36200
43554,36194
43571,3434
10806,36203
43577,36198
43579,36199
43585,13709
10819,36207
10820,36208
10825,36209
43595,3442
43605,36212
43607,3448
43610,36217
10842,36216
43614,3452
43615,36220
10851,3456
10852,36224
43620,36227
10858,36228
10860,36229
10867,36230
10868,3463
43638,3459
10872,3466
43643,3467
43647,36237
10880,3471
43650,36240
43651,36241
43653,13716
43654,36246
10886,36248
43660,3481
10894,3482
43664,36251
10897,36250
43669,36253
43671,36254
43674,3485
43679,3488
43681,3489
43684,36258
43688,36259
43689,36260
43693,3495
43698,36264
43699,3496
43701,36266
43708,36268
43713,36269
43716,3502
43718,3503
43723,36272
43725,3504
43726,36274
43728,36275
43729,36270
43731,36271
43733,3510
43736,36279
43737,36278
43739,3513
43742,36282
43747,36283
10982,36284
10987,3515
10989,36287
10992,3523
43775,36292
43776,36293
43779,36294
43782,3525
11041,3528
43810,3529
11043,36298
43827,3531
43828,3532
11066,3535
11076,36304
11092,3537
43863,3538
43867,36306
43869,36305
11102,3539
11103,3542
43871,47440
11105,3544
11106,36313
11108,36314
43877,36315
43878,3545
43879,36318
11112,3551
43883,36321
43884,3554
43885,36323
43886,36324
43893,36325
11127,3557
43896,3559
43897,36328
43898,36326
43895,3555
43903,36331
11136,36332
43907,36333
43912,36336
11144,3569
43914,3570
11149,36339
43923,36340
43925,3574
43929,36343
43930,36344
43931,36345
43933,3578
43934,3577
43946,3580
43947,3583
43962,3584
43966,3585
43977,36355
11215,3589
11216,36358
43983,3590
11220,3592
43995,36359
11233,3594
11238,3591
44010,3596
44011,36357
11244,36366
44013,3599
11243,36368
44026,36364
11259,36372
44033,36374
44037,36375
44038,3608
44040,3610
44042,36380
44043,3613
11279,3612
11280,3616
44049,36386
44064,3620
44065,3621
44071,3622
44076,36391
44077,36390
44094,36389
44095,36394
44097,3623
44098,36395
11346,3624
44145,3628
44153,144
11400,36401
44169,3634
11402,36403
11406,3636
11408,3637
44177,33287
11409,3639
11411,36408
11412,36409
11413,3641
11414,36411
11415,3642
11416,36417
11421,3650
44191,36419
44195,3652
11427,3651
44197,36420
44199,3653
11436,36421
11437,36423
44205,36428
11440,36430
44209,36432
11442,3665
44212,3664
44213,36437
44216,3670
11449,36439
11450,36440
11454,3675
11457,3676
44226,36446
11459,3679
44227,3680
11462,36448
44234,36452
44239,36453
11475,36454
44244,36455
44248,3684
11485,36457
44257,36456
11494,36459
11495,36461
11497,3695
11514,36464
44301,3697
44310,3698
44311,36468
44317,3701
44319,3700
44321,3703
44325,36472
44326,36473
44331,3705
44334,3706
44341,3704
11577,3709
44348,3708
11590,3711
11592,3712
11600,36481
11602,3714
11612,36483
11615,36485
44386,36487
11623,3720
11626,36489
11630,36490
44399,36488
11633,3719
44401,36493
44410,36494
11642,3726
44411,3729
44413,36497
44415,3731
44420,36500
44424,36499
44425,3734
44433,3732
44437,3736
11684,3730
44452,3738
11693,3739
11694,3740
44507,36508
44519,36510
44520,3735
44524,3746
44537,36515
11776,36514
44558,3749
44567,36518
44569,3751
44572,36520
44581,3753
44593,36522
44594,36521
44607,36524
44608,3757
44609,36523
11873,2754
44651,36528
44658,3761
44661,36530
44678,3763
11918,3764
44686,36532
44695,36529
11943,3767
44755,46339
44767,3769
44772,3771
44773,36543
44779,3775
44781,36545
44782,3778
44807,36546
44808,3780
44809,36549
44824,36551
44830,36552
44831,3785
44833,36554
44839,3787
44843,36556
44857,48344
44884,36557
44890,36559
44892,3792
44909,3793
12150,36555
44919,3796
44922,3797
44932,36565
12174,3798
44943,36566
12191,36569
12195,46346
12199,36574
12201,3806
12208,36576
12216,36579
12231,36580
45000,3813
12233,36582
45002,3814
45001,3816
45006,3815
12239,3818
45011,36586
45012,3811
45015,36589
12254,36584
45023,3823
12256,36593
45028,36595
45033,3830
45034,36599
45035,36598
45039,3833
12271,3834
12272,36606
45042,3839
12275,36607
45044,36609
12274,3843
12280,36612
12281,3844
12283,3846
45058,36614
12290,36616
45063,3849
12301,3851
45081,36620
12315,3853
12317,3854
12320,3855
45090,36624
12326,3856
45102,39843
12338,3860
45109,3861
12344,36630
12347,3864
12354,3868
45132,3869
12367,36639
12370,3872
12371,3871
12376,3874
45151,36642
12390,3875
45166,3879
12398,3880
12411,3883
45189,36652
45197,36653
12432,3885
45201,3887
45203,36656
45216,3889
45218,36657
12451,3888
12452,36658
45220,3892
45222,3894
45223,36663
45224,36664
45231,3896
45232,36666
45237,36660
45239,36668
12480,3901
12498,36670
12505,36662
45273,3904
45274,3905
45280,36673
12513,36675
45282,36677
45289,36678
12523,3911
12526,36680
45295,3913
12550,3910
12551,3914
12552,36684
12555,36685
12556,36686
12562,36687
12568,36681
12569,3921
12572,36690
12574,36692
12575,36695
45343,3928
12579,3929
12583,36698
45352,36699
12589,39858
12590,36701
12591,3934
12594,36703
45365,3927
45370,36707
45372,3939
45378,36709
12610,36710
12612,3943
12613,3944
45393,3945
45394,36712
12639,36715
12644,3947
12647,36717
12651,36714
45421,13811
45423,3952
45439,36720
12689,36721
12702,3953
12706,3956
12711,36724
12713,3951
12714,3959
12716,3960
12717,3957
12720,36727
12721,36731
12724,36732
12728,3965
12732,3966
45503,3967
12735,36736
45508,3969
12742,36739
12744,3972
12745,3973
12746,3971
12747,13815
12748,3975
12749,3977
45546,36746
45553,3978
12792,3981
45570,36750
12815,36751
45585,3983
12820,36753
45596,3986
12830,36754
45599,33357
45600,36757
12831,36758
12832,36756
45603,3984
45606,3993
45607,36762
45609,36761
45611,33359
12847,3999
12855,4001
45632,36770
45637,36769
45642,36772
45648,4006
45651,36775
45653,36774
45654,4009
45661,4011
45668,4012
12903,36781
12909,36780
12910,4016
45682,36785
45692,4018
12929,4019
12936,36786
12939,4021
45716,36790
12948,36791
12951,36787
45723,4025
45739,36793
45746,4027
45748,36796
12983,4026
45752,36798
45751,36799
45754,4034
45757,4036
45761,4037
45763,36806
45768,36807
45770,36813
45772,4045
45779,4046
45780,4048
13015,36815
45784,36814
45785,36819
45788,4052
45793,36821
45797,36820
45801,36823
45802,36824
45806,36827
45807,4062
45809,4063
45810,4064
45815,36833
45821,4066
13054,4067
45823,4068
13056,4069
45826,36838
45828,36835
13061,4072
45829,36840
45835,36841
45837,4075
45839,4076
45840,809
13076,36842
45846,4070
45847,4080
45848,4081
45849,36845
13079,4084
13098,36852
45883,4086
45888,4085
45900,36857
45902,36860
45903,36861
45904,36862
13137,36863
45905,36864
45908,36865
45912,4096
45913,4099
45914,4100
45918,36869
45921,36867
45922,36870
45924,4104
45926,46406
45927,36874
45928,4103
45929,4109
45940,4110
45942,36879
45943,36880
45951,4111
45952,4114
45961,36882
45962,36883
45964,36886
45968,4119
45970,36887
45971,4118
13204,4122
45973,36894
45975,4127
13209,4128
45978,36895
45979,4130
45980,36898
45981,36897
13220,4131
45993,36902
45997,4132
46003,4136
46010,36904
13244,4133
13245,4135
13247,36899
46032,36909
46043,36912
46049,36913
46052,36914
46056,4146
46058,4144
46062,4145
46064,4152
46065,1596
46067,46416
46074,4156
46077,36925
13311,36926
46086,4158
13332,36927
46107,36929
13341,36930
46112,4163
46118,4162
13354,36933
46124,36931
46129,4167
13367,34237
13369,4169
13372,4170
46143,4171
13381,36940
13382,36941
13384,4174
13389,4175
13409,4176
13410,4177
13415,36939
13422,36947
13429,4179
13430,4182
13438,36957
13439,4191
13449,36960
13455,36961
13460,36959
13462,36963
13467,36965
13472,4198
46244,4199
13487,4200
13490,36970
13494,4202
13495,4204
13496,36973
13500,4206
13503,4207
13506,4209
13507,36979
13512,4212
13515,4217
13517,4218
13520,4219
13525,36987
13529,36990
13531,36991
13533,4224
13534,4223
13549,36997
46369,36998
46370,4230
46372,37000
46375,37001
13611,4234
13614,4235
13616,37004
46387,4236
13620,4238
46393,37007
46397,37008
13638,37006
13648,37011
13653,4243
46428,37013
13753,4246
13754,37015
13760,4248
13763,4249
13764,37018
13765,37019
13766,4244
13767,37021
13769,4253
13770,37023
13774,4247
13776,37025
13777,37026
13783,37027
13784,4260
13786,37029
13789,4262
13794,37022
13796,4255
13799,37033
13801,13873
13802,37035
13806,4269
13809,37038
46583,37039
13826,4273
46595,4274
13831,37043
13832,37042
13834,37045
13836,4280
13842,37048
13844,37050
13848,4282
46634,37056
46637,4291
13910,4292
13916,37061
13934,4294
13942,37062
13952,4296
13953,37066
13956,37067
13963,37068
13967,4301
13974,4303
13978,37072
13981,37073
13988,4306
13994,4307
13996,37076
13997,4309
14007,4310
14010,13882
14013,37080
14017,4312
14021,37082
14024,4316
14025,4318
14027,37086
14028,4320
14032,4319
46802,37090
46811,4322
46816,4324
14051,37092
46822,37088
14058,37095
46827,37096
46829,4328
14061,4327
46837,37099
14070,4332
46838,4333
46839,4334
14076,37103
46849,4335
14089,4337
46858,37100
14091,37107
46860,37108
14095,37109
46876,37105
46883,7375
46884,9290
46889,4345
46894,4346
46900,37115
46904,4347
46906,4349
46909,37118
46912,37119
46913,37120
46914,37121
46915,4354
46919,4355
46922,37125
14156,37127
46926,37128
46928,37129
46930,4365
46936,37134
14170,37135
14174,37133
46943,37137
46944,37138
46945,37139
46946,37141
14179,37142
14180,4375
14185,37143
46960,37144
14193,37147
14195,37148
46969,37149
14207,4381
14210,37151
14217,37155
14222,4388
14225,4391
14226,37160
14233,39950
14234,4392
14238,37162
14239,4395
14240,4397
14242,4398
14247,4399
14272,4400
14286,37169
47055,4402
47071,4404
14308,37173
47080,37175
14323,4408
14325,4409
47093,37178
14337,4407
14346,4412
14353,37181
14354,37182
14362,4415
14369,4418
14371,37187
14373,37188
14374,37189
14378,4419
14383,4423
47170,37192
14403,37191
47173,4425
14406,4427
14412,4428
14420,4429
14423,37199
14430,4432
14433,37202
47202,37204
14440,37207
14442,4440
47210,37209
47213,37210
14446,4443
47217,4444
47218,37213
14451,4445
14452,37212
14455,4448
14456,4446
14457,37218
47226,37219
14458,4451
14460,37220
14461,37216
14464,4455
14465,4456
14466,37226
47235,37227
14468,4462
47237,37232
14467,4467
47241,4468
47242,37237
14474,4469
47245,37238
14478,37241
14484,37243
14487,4475
14488,2783
14490,37246
14492,4479
14493,37248
14498,4481
14499,4480
14504,4483
14515,37252
47292,4486
14525,37255
14532,4487
47311,4490
14573,4491
14576,37260
14591,4493
47360,37264
14593,37265
14597,4497
14599,4499
14601,4501
14607,4502
14608,4503
14610,37272
47380,4505
14615,37274
47387,37275
14622,4509
14625,4510
47394,4511
14626,37280
14628,4513
14634,4512
14636,37278
14638,37284
14648,4516
14652,37283
47432,4520
47433,4521
14669,4522
47440,37288
14676,4523
14698,13924
47481,13925
14728,4527
14750,37295
14755,4526
14767,4530
14773,37298
14783,4532
47552,4533
14793,37296
14795,4535
14802,4537
47574,9298
47578,4540
14817,4541
14832,37310
47601,37312
47607,4547
14841,4548
14844,4549
14846,4550
14859,37317
47634,4552
14877,4553
14880,4554
14884,4555
47654,37324
47656,4557
47657,4551
47659,4559
47662,37327
14895,4561
14894,37330
47665,37333
14896,4566
47666,4567
47667,4569
47672,4570
47683,13934
14917,4572
47685,4573
47688,4574
47690,4576
47692,37345
14933,4579
14944,37348
14957,4581
14965,37350
14972,4580
14976,37352
14978,4586
14980,37355
14981,37356
47753,37357
47754,4587
14991,4591
14997,37360
47765,37361
14999,4593
15000,4594
15002,4596
15012,37365
47780,37366
47785,4595
15019,4600
47791,4601
15024,4602
15026,37371
15028,4604
15032,37367
15034,37374
15036,4607
15043,4608
15044,4609
47819,4610
47821,37379
47827,4611
47830,37382
47835,4615
47839,37383
47841,4617
47845,4619
47847,37387
47849,4621
15109,37392
15131,4625
15134,4624
15135,37396
15137,37397
47910,37398
47912,4630
15144,37400
15145,4633
47926,37402
15169,37403
47937,4636
15171,37399
15177,37406
47947,4639
47948,37408
15187,4640
15189,4642
15199,37411
47972,4643
47978,37413
47996,37414
15242,37415
15250,4648
15251,37417
15253,37418
15254,37419
15260,4652
15263,4649
15264,4654
48035,37422
15269,4656
15270,4655
15277,37426
15281,37427
15284,4659
15285,4657
15288,37430
48067,33490
15299,4664
15301,37433
15302,4666
15300,4665
15318,4668
15324,4669
15325,4672
15341,37443
15360,4676
15362,37445
15364,4677
15372,37447
15376,4679
15377,4681
15384,4682
15388,4683
15399,37452
15401,37448
15402,37454
15416,4687
15423,37455
15426,4684
15429,4685
15491,4691
15495,37451
15515,4692
15517,4694
15521,37463
15524,37462
15532,4697
15541,37466
15556,4699
15559,4698
15564,37471
48342,37472
15575,37473
15576,37474
15589,37475
15595,37477
15612,4710
15614,37480
48413,4712
48421,37482
15657,4715
15669,4716
48441,37485
15675,4719
15679,37487
15681,4721
48449,37490
15689,37491
15692,4722
48506,37493
48517,37489
48526,37495
48534,37496
15771,4723
48542,37498
15776,37499
48545,4733
48550,37502
15786,4734
48554,37504
48568,37505
15801,37501
48570,4739
15804,37508
15805,4741
15807,4736
15810,37514
15820,4747
48588,37516
15824,4748
15829,37517
15831,4751
48606,4752
15839,37520
15841,37519
15846,4755
48615,4756
15855,4757
15856,37528
48626,4764
15859,37533
48627,4766
48629,4765
15866,37536
48634,37537
48645,4770
15891,4768
48673,4767
48674,4773
15905,37540
15909,37543
15910,4769
15916,4771
15918,4774
15922,4779
48696,37547
15930,4781
48698,37550
48701,4782
15939,37552
48708,4784
15941,37554
48707,37548
48711,4788
15943,4789
48713,4790
15946,37559
48720,4787
48722,4785
48723,37563
48727,4797
48728,37565
48740,37567
48743,37568
48746,37569
48747,4799
48755,4803
15989,37573
15990,37574
15991,37576
48769,4811
48771,37579
16009,37581
16011,4814
16020,37583
16025,4816
16032,37585
16035,37586
16036,37587
48813,4818
16046,4815
16061,37590
16065,4823
48837,37592
16070,4824
16071,4825
16078,4827
16079,37596
16080,4829
48850,4830
16086,37597
16087,37593
16088,37601
16090,4834
16091,37603
16092,37604
16095,4837
48876,37602
16119,37607
16120,4839
16121,37609
16122,4842
16125,4841
16126,4838
16133,4836
48901,4843
16134,37616
16135,37618
48907,4850
16139,4852
16147,37623
16154,4855
16156,37625
16159,4858
16163,4860
16165,4862
16166,37631
16175,37632
16181,4867
48950,37635
16182,4871
16186,37639
16187,4873
48955,37641
16188,4876
16190,4877
48958,4878
16192,37647
16195,37644
16196,4881
16199,37649
48969,37653
16201,4885
48973,37655
48974,4888
16208,37657
48976,4890
16209,37658
16214,4891
48985,4893
48986,37659
48987,4894
16219,4896
16221,4897
16223,37666
48992,4899
16225,37667
48995,37661
16227,37669
16230,4903
16232,37672
16233,4908
16236,37677
49006,37679
16238,37680
16240,14002
16246,4918
16247,4919
16248,37689
49026,4924
49053,4925
49055,37695
49057,37696
49059,37697
49061,33544
49064,4931
49067,37700
16300,37701
49069,37702
49071,4935
16306,4927
49077,4938
49079,37707
16312,4940
16313,37709
49083,4941
16315,4943
16321,37708
16329,37713
16331,40059
16336,4948
16337,37718
16338,37720
16340,4955
16344,37723
16345,4957
16347,4958
49116,37728
16370,37729
16375,4962
16377,4963
16384,4964
16388,37731
16392,4966
16395,4967
16400,4968
16404,37737
49172,37735
16405,37739
16408,4972
16410,37740
16411,4974
49180,46578
16413,37744
16416,37745
16418,4978
16423,4979
16425,37748
49194,37749
16427,46580
16430,37751
49199,4984
16436,37753
16441,4985
16451,37755
16462,4991
16463,4992
49251,4993
49253,37762
16487,37764
49260,37765
49261,4998
49264,5002
16497,37771
49265,37772
16496,5005
49268,5006
49270,37775
16503,37778
49274,5010
49276,5011
49277,37781
49283,5014
49286,5015
49287,5018
49290,37788
49291,5020
16525,5026
49295,37800
49297,37801
49298,5034
16552,5036
16556,5037
16560,37804
16561,5040
16563,37809
16566,37808
16572,5041
16573,5044
16574,5046
16575,37815
16580,5048
16581,5047
16582,37818
16584,37819
16586,5052
16588,37820
16591,37822
16593,37814
16596,37824
16601,46595
16606,37826
16607,37827
16610,5060
16612,37830
16613,37831
16620,5064
16625,5065
16626,37834
16629,5067
16630,5068
16632,5069
16633,5066
49402,5071
16636,37840
16637,5072
49406,5074
49405,5075
16640,37844
16642,5077
49411,37846
16646,37842
16647,37843
49418,5083
49421,5084
16654,5085
49426,5086
49429,37852
16662,37851
16665,37854
49436,5089
49439,37860
49440,37863
16675,5096
49444,5097
49448,5099
16683,37870
16692,37871
16698,5105
16704,37875
16708,5108
16717,37880
16727,37882
16730,5115
16735,14531
16741,5118
16743,5119
16748,37888
16757,5123
49535,5124
49550,5126
16782,37895
49553,37898
49554,37899
49555,5131
49556,37900
49557,37902
49558,5135
49560,37904
49561,37905
49562,37906
16796,37907
49565,37908
49567,5141
16800,37909
16802,5143
49570,37914
49573,5147
49574,37915
49576,37917
16809,5150
16811,5146
49580,5151
49584,5154
16816,5156
49586,5157
49588,5159
16824,5160
16825,5161
49596,37929
49597,37931
16830,5164
49599,37933
16832,5166
16837,37930
16853,37927
16855,37937
16858,5165
16870,5171
16875,37940
16876,5173
16878,37942
16879,37943
16881,5176
16885,5177
49655,5175
16887,37944
16892,5180
49678,37947
49684,37948
49691,5187
16933,37955
49701,37956
49710,5192
16947,37961
49718,37963
49728,5196
49729,5197
49730,37966
49736,5200
49745,37969
49751,37971
49753,5203
49754,5204
49757,5205
49766,5207
17001,5210
49770,5211
17003,5212
17004,5213
49771,5214
49774,5215
49775,5216
17007,5217
49777,37985
49778,5219
17011,5222
49780,37990
49781,37991
49783,5225
17017,5223
49786,37995
17018,37996
49787,5229
49789,5230
17022,5231
49790,38000
49792,5233
17025,5234
17021,38001
17026,38004
49796,38005
49793,38006
49798,5239
17031,5237
49800,5241
49799,5242
49802,38011
49803,5238
17029,38013
49806,38010
49809,38015
17043,5247
17044,38017
49813,5250
17045,38019
17048,38014
49818,38021
49819,38022
17052,5255
49821,38023
49824,5260
49828,5261
49830,38031
49831,5263
17064,5265
49832,38032
49836,38041
49837,5273
17071,38043
49839,38044
49841,38045
49847,38046
49848,5275
49849,5280
17104,38049
17112,38048
17116,5284
17117,38052
17118,5287
17119,38055
17121,38058
17127,38059
17140,5292
17146,5295
49920,38063
17161,5296
17164,38067
17170,5299
17174,38070
17177,5303
17179,38072
17184,5305
17188,38071
49958,5307
49964,38076
17198,5309
17200,5310
49977,38079
49979,38080
17213,38081
17219,38082
49988,5308
17221,7568
49989,33620
17231,5318
17234,38086
17248,38087
17265,5320
17269,38088
17297,38091
17318,5324
17340,5325
17344,5326
17356,38095
17373,38096
17387,5328
17389,38098
17409,7571
17418,38100
17425,5333
17428,5334
17431,38103
17449,38102
17463,38105
17468,5337
17474,5336
17476,5340
17480,5341
17483,38111
17486,5343
17491,38112
17493,38115
17495,38116
17496,38117
17498,38118
17503,5348
17504,38119
17508,5353
17510,5354
17511,5351
17512,38124
17518,38122
17519,5358
17520,38126
17527,38127
17532,5357
17537,5362
17541,38131
17543,38132
17545,38133
17548,38134
17554,38135
17557,5368
17562,38136
17563,38137
17582,38140
17594,5373
17602,38143
17635,38144
17650,38145
17652,5377
17657,5379
17671,38147
17675,38149
17677,38152
17683,38156
17685,5389
17687,5390
17692,5392
17698,5393
17701,38162
17702,38163
17704,5396
17706,5397
17708,40150
17719,5399
17723,5400
17733,38169
17744,5402
17746,38165
17753,38167
17759,38173
17763,38174
17766,5409
17769,5414
17780,38182
17783,5416
17788,38185
17789,5417
17790,14103
17792,38190
17802,5423
17804,5425
17809,38194
17812,5427
17813,5428
17815,38196
17822,5429
17823,38200
17841,40157
17842,38202
17848,38203
17850,5435
17853,38204
17855,38205
17859,38207
17861,5440
17862,38209
17873,5441
17899,5437
17913,38212
17948,38213
17952,38214
17964,5447
17984,9334
18003,5449
18009,38222
18014,5454
18022,38224
18032,5457
18033,38226
18036,5459
18037,5464
18046,38233
18047,38234
18055,38235
18056,38237
18057,38238
18060,38239
18067,5470
18070,38241
18074,38242
18076,38243
18077,5474
18078,38245
18079,38247
18082,38248
18083,38249
18085,38252
18086,5485
18092,38257
18094,5490
18096,46682
18101,38262
18102,38263
18103,38265
18114,38266
18115,38267
18121,38268
18128,38269
18129,38271
18131,5504
18132,5505
18133,38274
18134,5507
18136,5510
18139,5511
18140,38279
18141,5512
18149,38282
18159,5515
18163,38284
18164,38285
18175,5518
18176,38287
18179,38289
18180,38290
18181,38291
18182,38292
18185,38293
18188,38295
18191,5528
18193,38299
18199,5534
18202,38303
18205,38306
18208,38307
18215,5539
18232,38309
18233,38310
18234,5543
18239,5541
18240,38313
18250,38314
18297,5547
18300,46692
18305,38317
18311,5550
18314,38319
18324,38320
18328,5551
18340,38322
18347,5555
18361,38324
18397,38325
18408,5558
18411,5559
18428,38326
18429,38329
18449,38330
18469,5563
18482,5564
18500,5561
18504,5566
18509,38333
18513,5565
18562,38337
18590,5570
18606,5571
18614,38340
18621,5573
18631,5574
18641,5568
18686,5576
18698,38338
18726,38346
18730,38345
18733,5580
18746,38341
18750,38351
18752,5585
18753,38354
18755,5586
18760,38356
18761,5589
18769,38357
18772,38359
18774,38360
18776,5593
18777,5592
18785,38363
18790,38364
18792,1112
18817,38367
18821,38368
18843,5599
18850,5603
18861,5604
18882,38371
18924,5606
18937,38373
18968,38376
18986,38374
18990,38378
18991,5611
18996,5612
19000,38380
19035,38382
19059,38383
19102,5616
19107,38385
19152,5618
19161,38379
19168,38386
19170,5621
19171,38389
19175,5623
19188,5624
19202,38393
19204,5626
19205,5627
19215,38395
19222,38392
19224,5629
19226,5625
19229,5632
19235,5633
19241,5634
19244,5635
19264,38404
19280,5637
19306,5630
19310,5639
19328,5640
19336,38409
19340,5642
19354,5643
19404,38412
19406,5645
19408,5638
19412,38415
19414,38417
19416,38418
19418,5652
19419,38421
19423,38422
19425,38423
19426,5656
19429,38425
19432,5657
19433,5659
19436,38428
19439,5661
19441,38430
19443,5663
19445,38432
19446,38433
19486,38434
19504,38426
19507,5668
19554,5669
19569,38438
19576,5671
19577,5672
19595,38441
19712,5674
19735,38443
19738,38444
19742,38440
19749,5678
19752,38447
19755,5680
19760,5681
19761,5679
19766,38449
19769,38452
19772,38453
19776,5684
19777,5689
19787,38457
19803,38460
19807,5693
19809,38462
19810,38463
19813,5696
19820,38461
19821,5700
19826,5704
19827,38473
19828,38474
19832,38475
19833,5705
19839,5709
19841,5710
19843,38479
19845,38472
19846,5713
19847,5714
19860,38480
19864,5716
19865,5708
19877,5718
19880,5719
19900,38486
19902,38489
19904,5722
19911,5723
19913,38492
19915,5721
19917,38494
19920,5727
19922,7651
19923,5726
19924,5730
19927,5731
19929,38500
19930,5734
19936,5735
19937,38502
19938,5737
19939,38506
19943,38507
19944,5740
20003,38509
20047,38510
20048,38508
20053,38512
20060,5736
20062,5746
20063,38515
20070,38517
20080,5750
20082,5751
20083,5752
20086,38521
20103,38520
20104,38523
20108,38519
20135,5757
20151,5754
20165,5759
20166,5763
20168,5765
20169,5766
20172,38537
20174,5770
20176,38539
20177,5769
20179,5772
20190,1147
20192,46738
20198,38544
20201,5777
20214,38540
20215,46739
20216,5783
20219,5785
20223,38555
20227,38556
20229,5789
20230,38560
20239,38561
20251,5795
20254,38567
20255,38570
20257,5803
20259,38572
20277,5807
20281,38577
20282,38578
20292,38579
20302,38581
20304,38582
20305,5814
20307,38583
20308,38586
20311,38587
20312,38588
20313,5821
20318,5822
20322,38591
20334,5824
20339,38590
20340,38592
20341,38594
20343,5828
20348,5830
20418,5831
20434,38599
20438,5832
20445,38604
20448,5837
20449,5841
20459,5842
20462,5843
20466,38612
20469,5844
20472,5847
20477,38617
20484,38618
20486,5850
20488,38620
20497,5853
20513,38621
20517,38624
20535,5856
20538,5859
20541,38628
20545,5861
20547,5862
20574,38631
20587,38633
20598,38634
20645,38635
20661,5869
20662,38637
20663,5870
20669,38639
20675,38641
20676,5875
20682,38644
20688,38645
20695,5878
20696,5880
20698,38649
20808,38651
20810,38652
20813,5886
20834,5887
20845,38656
20866,5891
20868,38659
20872,46762
20873,38665
20886,38668
20897,38669
20909,5902
20913,38671
21002,5901
21006,5905
21015,38674
21017,38673
21018,38675
21021,38676
21022,38678
21023,5911
49769,5904
21026,5913
21028,38682
21029,38683
21030,5916
21036,5917
21042,38685
21044,38687
21058,38684
21061,5921
21064,5922
21075,5919
21078,38692
21084,38693
21088,5925
21093,38695
21126,5928
21135,5929
21138,5926
21141,5931
21147,38700
21157,5933
21158,38699
21160,5935
21164,5936
21165,5934
21170,5938
21174,38707
21175,47127
21177,38703
21185,5945
21186,5946
21192,38715
21196,38714
21206,5948
21213,38716
21216,5947
21219,5952
21223,38721
21226,5953
21237,38722
21242,5954
21247,38724
21248,5958
21251,38723
21253,38728
21254,5960
21262,5962
21274,38731
21275,5961
21294,5965
21296,5966
21299,5967
21303,38734
21309,5969
21310,38737
21314,5970
21322,5974
21324,5975
21333,38744
21334,5976
21335,5978
21341,38748
21357,38749
21362,5983
21363,38753
21374,5987
21375,5988
21392,38757
21406,38758
21407,38759
21431,5991
21432,38760
21437,5994
21444,38762
21448,5995
21457,38763
21459,38766
21464,38761
21467,38768
21471,38772
21478,38773
21479,38774
21480,6006
21490,6008
21497,6009
21498,38778
21512,38777
21517,38780
21523,6010
21527,38776
21528,6015
21541,38784
21548,38779
21549,38787
21552,6022
21555,6024
21559,38793
21565,38794
21568,6029
21574,38798
21576,6031
21578,6030
21582,38801
21586,38800
21608,6035
21623,38804
21637,6036
21678,6032
21681,38802
21757,6040
21783,38809
21802,6037
21806,38812
21809,6045
21810,6046
21821,6047
21824,6050
21830,6051
21837,38820
21846,38821
21859,46793
21861,6055
21864,6057
21872,38826
21874,38828
21894,6060
21901,6062
21911,38831
21932,38829
21938,6068
21944,38837
21951,6070
21958,6069
21961,6072
21964,38840
21970,6074
21972,38843
21983,6071
21988,6077
21996,38845
22015,38844
22017,6080
22031,38849
22034,6079
22036,38851
22040,38852
22060,6083
22076,6086
22095,38855
22105,38850
22107,38857
22116,6090
22119,6091
22129,38860
22144,38861
22181,6094
22189,38863
22190,6096
22195,6097
22202,38866
22205,6099
22207,38868
22208,6095
22209,6102
22210,6103
22214,6104
22216,38873
22223,38871
22226,38872
22233,6105
22234,6107
22237,38878
22238,38879
22239,38880
22240,38881
22242,6114
22245,38883
22248,6110
22273,38885
22294,6118
22322,6117
22349,6119
22361,38889
22368,6121
22382,38891
22392,6123
22393,6125
22397,38894
22404,38887
22410,6122
22411,6129
22414,38890
22415,38900
22420,6133
22422,38901
22424,6135
22428,6136
22433,6137
22437,6138
22451,38907
22453,38908
22455,6140
22457,6142
22458,6143
22459,6141
22460,6145
22475,38915
22478,6147
22483,6150
22492,6151
22496,6152
22518,38922
22525,6154
22529,38924
22536,38925
22539,38927
22542,7737
22556,38929
22558,38930
22559,38931
22565,38932
22566,6165
22570,6166
22572,38935
22573,38936
22576,38937
22579,6170
22590,6168
22592,6172
22594,6169
22595,38941
22598,6175
22634,6178
22643,38946
22657,38948
22679,38947
22710,38950
22727,6179
22729,38952
22752,6183
22757,6186
22758,38955
22760,38954
22763,6189
22764,6190
22766,38958
22767,6192
22771,6191
22773,38962
22774,6193
22781,38964
22792,38963
22795,38966
22799,6199
22804,38968
22809,6203
22812,38971
22828,6206
22831,6208
22841,38977
22848,38978
22856,6210
22860,38980
22864,6213
22865,6214
22867,38983
22868,38976
22874,6218
22891,6219
22892,6220
22895,6221
22900,38990
22902,6223
22905,38991
22910,6224
22916,38994
22917,6225
22919,38996
22921,6228
22925,6229
22926,38993
22927,6232
22932,39001
22934,6234
22936,6233
22939,39004
22940,38999
22941,38998
22942,6239
22943,39008
22945,39009
22948,6242
22949,6243
22970,6241
22981,6245
22983,6246
22990,39013
23000,39016
23002,39017
23012,39018
23015,39015
23021,39020
23034,39019
23036,39022
23042,6255
23043,6252
23050,6257
23060,39025
23072,39027
23083,6261
23097,39030
23105,39031
23118,6266
23125,39035
23172,6268
23184,6267
23194,6270
23206,39039
23222,39040
23268,6273
23270,39041
23272,7759
23285,39044
23297,39045
23299,6279
23300,6281
23303,6283
23304,39051
23306,6285
23307,39055
23313,6287
23314,6290
23321,6292
23324,6298
23326,39071
23330,6304
23333,39073
23336,39074
23340,6307
23342,6306
23346,39075
23348,6309
23349,39078
23422,39080
23456,6313
23469,7767
23474,39083
23494,39085
23498,39087
23499,6319
23504,39089
23537,39090
23550,39091
23553,6324
23557,6330
23559,6331
23567,39100
23573,39103
23577,6337
23581,39106
23582,39107
23587,39108
23594,6341
23620,6342
23647,6343
23659,39110
23671,47143
23683,39114
23687,6347
23704,39115
23705,39117
23709,6349
23712,39120
23719,6352
23720,40340
23752,6356
23754,6357
23755,39126
23757,39127
23758,39128
23762,39129
23768,6362
23779,6361
23780,39132
23783,39133
23784,39134
23786,6367
23788,39131
23790,6364
23795,39138
23805,39139
23810,39140
23811,39141
23812,39143
23814,39146
23815,39148
23818,39149
23835,6380
23846,39154
23849,6388
23851,39157
23857,6390
23861,6394
23873,6395
23875,6398
23878,6401
23881,6402
23883,6403
23885,39172
23890,6406
23891,6410
23899,39180
23951,6415
23958,6417
23962,39186
23969,6418
23974,6422
23976,39192
23998,6427
24006,6428
24015,6430
24021,39200
24026,6433
24033,39202
24050,39201
24051,6436
24052,39205
24062,39207
24073,6439
24090,6441
24091,6442
24099,6443
24109,6446
24120,39215
24139,6448
24142,6449
24150,39218
24153,39217
24156,6451
24160,6453
24163,39216
24164,39223
24185,6456
24186,39224
24187,6458
24192,39225
24195,39226
24198,6461
24214,39230
24316,6462
24356,39232
24359,39233
24360,39235
24366,6468
24380,39236
24385,39238
24396,39239
24418,6467
24420,39241
24423,39242
24425,6472
24443,6476
24446,39245
24450,39244
24454,39246
24458,6480
24460,39249
24473,39250
24476,6481
24477,39252
24480,6485
24482,6486
24489,6487
24493,39251
24495,6489
24496,39255
24500,39260
24502,39261
24503,6492
24507,6493
24513,6496
24516,39265
24524,39266
24526,6499
24528,6500
24530,6501
24533,39268
24542,6498
24543,6504
24544,6505
24553,6502
24568,39275
24582,39276
24591,6509
24615,39272
24623,39279
24636,39280
24646,6513
24663,6511
24703,6510
24704,6516
24716,39285
24718,39284
24720,6518
24736,6520
24737,39289
24741,6522
24742,6521
24753,39292
24784,39293
24792,39291
24794,6527
24796,39295
24806,6526
24824,6530
24827,39298
24846,39301
24852,39302
24865,6535
24888,6536
24893,39306
24896,39307
24899,6540
24907,6541
24919,6542
24921,6543
24928,39311
24939,39313
24949,39314
24983,6547
24986,7813
24988,39317
24990,6549
25015,39319
25024,6553
25027,39323
25028,39324
25029,7816
25031,39326
25035,39328
25046,6560
25083,39330
25086,39331
25087,6564
25105,39333
25132,6561
25169,6567
25170,39335
25176,6569
25177,39338
25178,6568
25227,39339
25260,39336
25265,6575
25285,6579
25289,39349
25294,39352
25297,6584
25301,39353
25302,6590
25323,39359
25325,6592
25331,39361
25343,6594
25344,6593
25352,6596
25361,39363
25373,39364
25374,6598
25377,39368
25384,39369
25386,6602
25387,39371
25390,6604
25395,39372
25407,39374
25410,6606
25411,39377
25413,6610
25414,6612
25415,39380
25424,6614
25425,39384
25437,39387
25443,39390
25445,6622
25446,6624
25449,39393
25456,6626
25506,39394
25557,6625
25565,39391
25582,39398
25583,39400
25596,6633
25602,6634
25603,6635
25604,39406
25605,39408
25607,6641
25621,6642
25626,39410
25628,39409
25631,39413
25632,39415
25638,6647
25641,39417
25642,39418
25645,6651
25651,6652
25663,6650
25667,39423
25668,39424
25669,6657
25679,6658
25686,6659
25700,6660
25713,6661
25717,39429
25730,39434
25739,39435
25741,14351
25746,39437
25754,6670
25756,6671
25785,39440
25797,6672
25814,39436
25857,39443
25865,39444
25878,6677
25895,6678
25903,39447
25906,39448
25907,39445
25914,39450
25924,6687
25927,6688
25929,39456
25934,6690
25967,6691
25969,6692
25972,6694
25990,6700
26055,39469
26058,6702
26062,6701
26093,6704
26145,39473
26156,39474
26162,39475
26166,6706
26167,6709
26176,39478
26196,6711
26197,6708
26210,39484
26214,6717
26232,39486
26234,6716
26236,6720
26250,39489
26252,6722
26255,6719
26259,6724
26265,6725
26266,6726
26271,39495
26294,39496
26295,6729
26302,39492
26341,6731
26352,39498
26361,6733
26365,39502
26389,39503
26396,6734
26398,39500
26402,39506
26406,6739
26411,39507
26412,6742
26420,39511
26421,6743
26423,39513
26432,6746
26434,6745
26436,39514
26441,6749
26444,39517
26446,39519
26508,33906
26523,39521
26531,6748
26537,33907
26544,6756
26545,39525
26552,6759
26569,39527
26578,39529
26587,39531
26593,39532
26597,39533
26608,39534
26612,39535
26616,39536
26632,14371
26648,39538
26650,6770
26652,39543
26654,39544
26656,39545
26659,39546
26660,6779
26662,6776
26666,6783
26668,39552
26676,39556
26677,39557
26680,39559
26686,39560
26690,6792
26692,39562
26696,6795
26697,6797
26701,39566
26718,39567
26722,39568
26727,39571
26729,6804
26736,6803
26750,6805
26755,39575
26756,39574
26757,6807
26758,6810
26761,6806
26762,6809
26763,6811
26765,39582
26766,6815
26768,6816
26771,39581
26773,6818
26776,6819
26777,39586
26783,6821
26786,39590
26787,39589
26791,39593
26793,6825
26794,6827
26796,39596
26799,14383
26823,6830
26828,6831
26845,39599
26847,39600
26851,39602
26854,6835
26855,39604
26857,6837
26859,6838
26860,39607
26862,6840
26863,39609
26866,6836
26867,39611
26869,6844
26876,6845
26879,39614
26880,6848
26885,6849
26887,39618
26889,6850
26892,39620
26895,39621
26897,39619
26898,39616
26900,39625
26912,39626
26918,39627
26919,6859
26923,6858
26926,39628
26930,6863
26937,39631
26945,39634
26954,39637
26964,6870
26972,6871
26982,39638
27001,39639
27005,39641
27007,6875
27018,39645
27028,39647
27039,39648
27044,39649
27062,6881
27071,39651
27084,6884
27088,6885
27090,6886
27102,39650
27107,6887
27135,39653
27158,39658
27166,6891
27173,39660
27176,39661
27179,39662
27210,39663
27216,6897
27237,39665
27245,39667
27253,6898
27258,39670
27261,39671
27263,6904
27265,39678
27268,39680
27275,6913
27277,39682
27281,39684
27286,39685
27291,6920
27292,39690
27293,39691
27296,39696
27299,39697
27300,6932
27308,39702
27312,6935
27320,39703
27333,39711
27338,39712
27339,39713
27344,6945
27350,39715
27351,39716
27352,6944
27358,6952
27360,6955
27361,39725
27363,39727
27377,39731
27378,6964
27389,39733
27394,39732
27397,39735
27398,6968
27399,39734
27405,39738
27415,6971
27420,39742
27422,39744
27428,6976
27434,39746
27459,39747
27461,39748
27502,39749
27521,39750
27526,6982
27527,6985
27543,39754
27544,6986
27585,39759
27591,6991
27617,6993
27624,39762
27634,6995
27647,6996
27654,39765
27658,39766
27659,39767
27674,39769
27678,7002
27683,7005
27689,39774
27698,7007
27699,7008
27703,39775
27708,39779
27710,39781
27713,39782
27728,39783
27733,7016
27737,7017
27738,39786
27747,39787
27748,39788
27801,7021
27804,7015
27805,7023
27809,7022
27811,7019
27814,7026
27816,39795
27835,39796
27845,7029
27846,39797
27856,39798
27870,7032
27874,39800
27881,7030
27882,7035
27886,7036
27903,39804
27909,7038
27942,39799
27947,39810
27950,7042
27973,39811
27975,39813
27978,7046
27986,39815
27987,7048
27993,39816
27999,7052
28001,7056
28002,7057
28006,39826
28007,39827
28013,39828
28014,7060
28015,7061
28021,39832
28024,7065
28030,7066
28034,7064
28036,39835
28040,7069
28044,7070
28045,39839
28055,7072
28062,7071
28063,7073
28066,7075
28071,7076
28084,7077
28087,7074
28096,7079
28109,39847
28113,39849
28117,39850
28121,39851
28124,39852
28129,7084
28133,7086
28134,39846
28135,7083
28136,7089
28137,7090
28138,7091
28144,7092
28146,39857
28148,39859
28149,39863
28165,39861
28168,39865
28185,39866
28191,7099
28193,39864
28201,7101
28206,14436
28216,7105
28222,7106
28229,39873
28230,7108
28234,39876
28237,7110
28243,39879
28250,39880
28252,39881
28255,39882
28256,7113
28259,39883
28261,39885
28263,39886
28269,39888
28270,39890
28271,39891
28272,7123
28276,39893
28277,39895
28282,7128
28283,39897
28286,39898
28289,39901
28290,7134
28292,7133
28294,39903
28306,39905
28316,7138
28317,39907
28319,7137
28321,7143
28325,7144
28327,7149
28329,7151
28334,7152
28336,7153
28342,7154
28343,39924
28344,7157
28345,7159
28346,39927
28348,7161
28352,7163
28373,39931
28403,7164
28410,7166
28427,7167
28446,39936
28450,7169
28456,7171
28459,7172
28464,39941
28467,7173
28470,39943
28477,7176
28484,7177
28491,39947
28499,39949
28510,7182
28521,39951
28526,7184
28540,39952
28549,7186
28554,7187
28557,39956
28558,7188
28564,39953
28573,7191
28584,7192
28585,7185
28587,7195
28599,39965
28600,7198
28612,39966
28616,39967
28620,39969
28627,39971
28629,7205
28640,39974
28641,39976
28646,39977
28647,39978
28653,39979
28655,39980
28661,39981
28668,7212
28685,7213
28692,7214
28693,39985
28700,7217
28701,39987
28703,7220
28708,39988
28710,7221
28713,39991
28714,39992
28717,7225
28720,7219
28723,39995
28731,39990
28732,39997
28733,39998
28734,7231
28737,39999
28741,7232
28742,39993
28743,40004
28744,40005
28745,7237
28747,40007
28752,7240
28755,40009
28758,40010
28762,7242
28763,7244
28764,7243
28765,7246
28773,40014
28774,40015
28777,40017
28781,7253
28782,40021
28791,40025
28796,40027
28799,40028
28802,7261
28806,40031
28808,40033
28809,7266
28812,40035
28813,7268
28814,40039
28815,7275
28817,40044
28821,40045
28830,7277
28831,40043
28837,7280
28840,40051
28847,40052
28864,40053
28865,40055
28872,40056
28884,40057
28889,40058
28897,7291
28898,7290
28919,40060
28954,40062
28956,7295
28958,7292
28966,7297
28968,40066
28969,40064
28977,7300
28982,40068
28984,40069
28992,40070
28993,7303
29004,40073
29005,40074
29007,40075
29013,40076
29026,40077
29030,7309
29033,7308
29034,40079
29036,40080
29037,7315
29039,40085
29040,7318
29041,40089
29044,40092
29050,40093
29060,40094
29062,7327
29069,40096
29078,40097
29079,7330
29082,7329
29084,40098
29086,40102
29099,7335
29118,40104
29120,40107
29150,40111
29155,40116
29158,7350
29163,40118
29166,7357
29169,7359
29171,7360
29172,7363
29179,7365
29181,40134
29193,40135
29199,40133
29221,7366
29232,7370
29243,40137
29245,40140
29300,7373
29306,40142
29311,7374
29312,40144
29314,40143
29317,7377
29319,40147
29321,7380
29323,40149
29329,7382
29331,7383
29332,40152
29335,7385
29337,40154
29339,7387
29343,7388
29348,40155
29374,40151
29382,7389
29383,40160
29408,40156
29422,7386
29474,40546
29481,7391
29491,40165
29492,40166
29520,40167
29523,40168
29557,7400
29586,40170
29606,40171
29608,7404
29609,7397
29610,40174
29612,40176
29622,7409
29624,7410
29639,7412
29642,40180
29646,40182
29649,40183
29654,40187
29657,7420
29659,40189
29672,7419
29675,40193
29690,7427
29694,40195
29712,7429
29713,40199
29718,7432
29720,7433
29721,40201
29722,40203
29727,7436
29728,7437
29732,40204
29733,40207
29734,40208
29735,40210
29739,40212
29741,7446
29743,40215
29787,7447
29808,40216
29825,40218
29831,7451
29841,40219
29845,7453
29858,7450
29869,40223
29877,40222
29891,40220
29905,7456
29925,40227
29950,7460
29961,40224
29963,40230
29977,40231
29979,7455
29983,7461
29995,7466
30001,40236
30054,40238
30062,40240
30072,40241
30076,40242
30079,7475
30081,40246
30085,40247
30092,7478
30093,40249
30099,40250
30107,7484
30113,7486
30119,7488
30120,7489
30138,40259
30144,7492
30149,7495
30151,40264
30152,7498
30156,7499
30163,7500
30172,7501
30173,7502
30176,14517
30180,40272
30183,7504
30184,7507
30185,40277
30194,7512
30204,7513
30205,40281
30207,40282
30208,7516
30209,7515
30217,7518
30224,40280
30228,40288
30231,7520
30236,40290
30237,7523
30240,7524
30241,40292
30244,7526
30246,7525
30247,7528
30257,14522
30273,40299
30274,7532
30277,40304
30294,7539
30305,7540
30310,7541
30311,7542
30312,7543
30319,40311
30325,14525
30326,7546
30327,7544
30334,40317
30336,7550
30338,7551
30340,40319
30343,40321
30345,40318
30346,7555
30347,40323
30358,7557
30364,40320
30374,7559
30401,40328
30463,40329
30468,40327
30471,40331
30475,7565
30479,40333
30481,7567
30483,40336
30485,40337
30514,7569
30520,40339
30532,14530
30553,7573
30564,40342
30569,7575
30577,40344
30582,7577
30584,7578
30596,7579
30598,7580
30602,7576
30607,40350
30608,7583
30616,40352
30620,14533
30622,7585
30624,40355
30625,7587
30626,40357
30629,7590
30641,7591
30645,7588
30649,7593
30661,40362
30662,40364
30666,7597
30676,40366
30683,40367
30690,7602
30698,40371
30705,7605
30706,7606
30726,7607
30733,7608
30736,40374
30737,7610
30751,34077
30758,40382
30766,40383
30771,40385
30774,7618
30781,40388
30782,40390
30799,7622
30801,7624
30806,40393
30812,7625
30819,40395
30830,40394
30840,7626
30846,7629
30861,40399
30864,7632
30865,40401
30880,7631
30888,40403
30900,7636
30924,7635
30934,40406
30946,40408
30948,7642
30949,40410
30979,7644
31053,7645
31055,7646
31071,40415
31084,40417
31093,7650
31141,7649
31157,7652
31185,40420
31197,40422
31201,7655
31202,7656
31210,40424
31211,40426
31232,40423
31366,7660
31370,40421
31376,7662
31381,7663
31383,40431
31389,40433
31393,40434
31398,7667
31403,40435
31405,40437
31407,7665
31409,7666
31411,40440
31421,7673
31424,7672
31425,47115
31426,40443
31429,40445
31430,40442
31436,40447
31439,40448
31442,40449
31444,7682
31445,7683
31454,7684
31491,40452
31501,7681
31503,40453
31509,40450
31532,7688
31566,40458
31594,7692
31603,40461
31609,40462
31616,40463
31652,40464
31666,7697
31668,7695
31689,40466
31718,40467
31728,7701
31733,40470
31746,40468
31750,7700
31754,40473
31756,7706
31760,40474
31787,7708
31803,40477
31808,40469
31811,7711
31812,7712
31826,40482
31835,40483
31836,7716
31837,40486
31843,7718
31856,40488
31861,7722
31862,40491
31872,40493
31879,40494
31887,7727
31899,40495
31957,40496
31994,40498
31996,40499
32000,7732
32003,40501
32005,7733
32016,7735
32018,40504
32019,40505
32020,7738
32021,7739
32022,7740
32026,40509
32028,40510
32029,40508
32032,7744
32036,40512
32037,40514
32044,7745
32049,40516
32054,40517
32106,7750
32111,40515
32116,40520
32121,40521
32126,7753
32129,7755
32137,40523
32142,7756
32146,7758
32147,40527
32152,7760
32153,7761
32174,40530
32178,7763
32182,40532
32187,7765
32196,7766
32221,40533
32250,7768
32252,40537
32257,40536
32258,40539
32261,7772
32262,7773
32268,7774
32270,40542
32271,7776
32279,7777
32286,7778
32290,7779
32291,40547
32292,40549
32296,7780
32300,40548
32301,7784
32305,7785
32306,40553
32309,40555
32311,7787
32313,47137
32322,40554
32330,7792
32333,7793
32335,40562
32337,40563
32342,40564
32343,7796
32345,40560
32347,7799
32421,7800
32426,7801
32447,7802
32450,40569
32457,7804
32466,7805
32467,40574
32471,40572
32475,40567
32480,7809
32495,7810
32505,7806
32524,7812
32541,40573
32548,40582
32593,7815
32601,7814
32605,7817
32606,40580
32613,40587
32617,7819
32622,40589
32623,40590
32625,40585
32637,40592
32638,7825
32639,7818
32645,7827
32649,7828
32659,7829
32662,7830
32668,40601
32672,7834
32673,7833
32680,7836
32685,7835
32692,40602
32697,40607
32701,7839
32712,40608
32716,7842
32735,7843
32744,40610
32745,7845
